{
  "$schema": "https://schemas.wp.org/trunk/theme.json",
  "version": 3,
  "settings": {
    "appearanceTools": true,
    "useRootPaddingAwareAlignments": true,
    "layout": {
      "contentSize": "1200px",
      "wideSize": "1440px"
    },
    "color": {
      "palette": [
        {
          "name": "Vit",
          "slug": "vit",
          "color": "#FFFFFF"
        },
        {
          "name": "Mörk",
          "slug": "mork",
          "color": "#1a1a1a"
        },
        {
          "name": "Accent",
          "slug": "accent",
          "color": "#E8642A"
        },
        {
          "name": "Accent Mörk",
          "slug": "accent-mork",
          "color": "#C4521E"
        },
        {
          "name": "Ljusgrå",
          "slug": "ljusgra",
          "color": "#F5F5F0"
        },
        {
          "name": "Textgrå",
          "slug": "textgra",
          "color": "#666666"
        },
        {
          "name": "Kantgrå",
          "slug": "kantgra",
          "color": "#E5E5E0"
        }
      ],
      "defaultPalette": false,
      "defaultGradients": false,
      "custom": false
    },
    "typography": {
      "fontFamilies": [
        {
          "name": "Inter",
          "slug": "inter",
          "fontFamily": "'Inter', sans-serif",
          "fontFace": [
            {
              "fontFamily": "Inter",
              "fontWeight": "400",
              "fontStyle": "normal",
              "src": [
                "file:./assets/fonts/inter-regular.woff2"
              ]
            }
          ]
        }
      ],
      "fontSizes": [
        { "name": "XS",  "slug": "xs",  "size": "0.75rem",  "fluid": false },
        { "name": "SM",  "slug": "sm",  "size": "0.875rem", "fluid": false },
        { "name": "MD",  "slug": "md",  "size": "1rem",     "fluid": false },
        { "name": "LG",  "slug": "lg",  "size": "1.125rem", "fluid": false },
        { "name": "XL",  "slug": "xl",  "size": "1.25rem",  "fluid": false },
        { "name": "2XL", "slug": "2xl", "size": "1.5rem",   "fluid": false },
        { "name": "3XL", "slug": "3xl", "size": "1.875rem", "fluid": false },
        { "name": "4XL", "slug": "4xl", "size": "2.25rem",  "fluid": { "min": "1.75rem", "max": "2.25rem" } },
        { "name": "5XL", "slug": "5xl", "size": "3rem",     "fluid": { "min": "2.25rem", "max": "3rem" } },
        { "name": "6XL", "slug": "6xl", "size": "3.75rem",  "fluid": { "min": "2.5rem",  "max": "3.75rem" } }
      ],
      "defaultFontSizes": false
    },
    "spacing": {
      "units": ["px", "em", "rem", "%", "vw", "vh"],
      "spacingSizes": [
        { "name": "2XS", "slug": "2xs", "size": "0.5rem"  },
        { "name": "XS",  "slug": "xs",  "size": "1rem"    },
        { "name": "SM",  "slug": "sm",  "size": "1.5rem"  },
        { "name": "MD",  "slug": "md",  "size": "2rem"    },
        { "name": "LG",  "slug": "lg",  "size": "3rem"    },
        { "name": "XL",  "slug": "xl",  "size": "4rem"    },
        { "name": "2XL", "slug": "2xl", "size": "6rem"    },
        { "name": "3XL", "slug": "3xl", "size": "8rem"    }
      ],
      "defaultSpacingSizes": false
    },
    "border": {
      "radius": true,
      "color": true,
      "style": true,
      "width": true
    },
    "shadow": {
      "presets": [
        { "name": "SM",  "slug": "sm",  "shadow": "0 1px 3px rgba(0,0,0,0.1), 0 1px 2px rgba(0,0,0,0.06)" },
        { "name": "MD",  "slug": "md",  "shadow": "0 4px 6px rgba(0,0,0,0.07), 0 2px 4px rgba(0,0,0,0.06)" },
        { "name": "LG",  "slug": "lg",  "shadow": "0 10px 15px rgba(0,0,0,0.1), 0 4px 6px rgba(0,0,0,0.05)" }
      ],
      "defaultPresets": false
    },
    "blocks": {
      "core/button": {
        "border": { "radius": true }
      }
    }
  },
  "styles": {
    "color": {
      "background": "var(--wp--preset--color--vit)",
      "text": "var(--wp--preset--color--mork)"
    },
    "typography": {
      "fontFamily": "var(--wp--preset--font-family--inter)",
      "fontSize": "var(--wp--preset--font-size--md)",
      "lineHeight": "1.6"
    },
    "spacing": {
      "blockGap": "var(--wp--preset--spacing--md)",
      "padding": {
        "top": "0px",
        "right": "var(--wp--preset--spacing--md)",
        "bottom": "0px",
        "left": "var(--wp--preset--spacing--md)"
      }
    },
    "elements": {
      "h1": {
        "typography": {
          "fontSize": "var(--wp--preset--font-size--5xl)",
          "fontWeight": "700",
          "lineHeight": "1.1"
        }
      },
      "h2": {
        "typography": {
          "fontSize": "var(--wp--preset--font-size--4xl)",
          "fontWeight": "700",
          "lineHeight": "1.2"
        }
      },
      "h3": {
        "typography": {
          "fontSize": "var(--wp--preset--font-size--2xl)",
          "fontWeight": "600",
          "lineHeight": "1.3"
        }
      },
      "h4": {
        "typography": {
          "fontSize": "var(--wp--preset--font-size--xl)",
          "fontWeight": "600",
          "lineHeight": "1.4"
        }
      },
      "link": {
        "color": { "text": "var(--wp--preset--color--accent)" },
        ":hover": {
          "color": { "text": "var(--wp--preset--color--accent-mork)" }
        }
      },
      "button": {
        "color": {
          "background": "var(--wp--preset--color--accent)",
          "text": "var(--wp--preset--color--vit)"
        },
        "typography": {
          "fontWeight": "600",
          "fontSize": "var(--wp--preset--font-size--md)"
        },
        "border": {
          "radius": "8px"
        },
        "spacing": {
          "padding": {
            "top": "0.75rem",
            "bottom": "0.75rem",
            "left": "1.5rem",
            "right": "1.5rem"
          }
        },
        ":hover": {
          "color": { "background": "var(--wp--preset--color--accent-mork)" }
        }
      }
    },
    "blocks": {
      "core/site-title": {
        "typography": {
          "fontWeight": "700",
          "fontSize": "var(--wp--preset--font-size--xl)"
        },
        "color": { "text": "var(--wp--preset--color--mork)" }
      },
      "core/navigation": {
        "typography": {
          "fontSize": "var(--wp--preset--font-size--md)",
          "fontWeight": "500"
        }
      },
      "core/post-title": {
        "typography": {
          "fontSize": "var(--wp--preset--font-size--4xl)",
          "fontWeight": "700"
        }
      },
      "core/separator": {
        "color": { "text": "var(--wp--preset--color--kantgra)" },
        "border": { "color": "var(--wp--preset--color--kantgra)" }
      }
    }
  },
  "customTemplates": [
    {
      "name": "front-page",
      "title": "Startsida",
      "postTypes": ["page"]
    },
    {
      "name": "page-no-title",
      "title": "Sida utan rubrik",
      "postTypes": ["page"]
    }
  ],
  "templateParts": [
    {
      "name": "header",
      "title": "Sidhuvud",
      "area": "header"
    },
    {
      "name": "footer",
      "title": "Sidfot",
      "area": "footer"
    }
  ]
}
